<?xml version="1.0" encoding="UTF-8"?>
<configuration scan="true">
	<appender name="STDOUT" class="ch.qos.logback.core.ConsoleAppender">
	    <encoder>
	    	<charset>utf-8</charset>
	      	<pattern>
	      	%level %date{[yyyy-MM-dd - HH:mm:ss.SSS]} uri="%X{req.method} %X{req.requestURI}" %logger{5}.%method - %message%n</pattern>
	    </encoder>
  	</appender>

	<logger name="org.springframework" level="WARN" />
	<logger name="org.springframework.web" level="INFO" />
	<logger name="org.springframework.security" level="WARN" />
	<logger name="org.springframework.cache" level="ERROR" />
	<logger name="org.springframework.web.servlet.mvc.method.annotation" level="ERROR"/>
	<logger name="org.hibernate.type" level="ERROR" />
	<logger name="org.hibernate" level="ERROR" />
	<logger name="org.jooq.Constants" level="ERROR" />
	<logger name="com.google.code.ssm.spring.SSMCache" level="ERROR" additivity="false" />

	<root level="INFO">
		<appender-ref ref="STDOUT" />
	</root>
</configuration>
